576515,Hossain Gamal khaled,Kamal Tarek Mohsen
200046,John Isac Fekry,Ronald Micheal Georges
435693,Gamal Ziad Ali,Kamal Yossry Yossry
578062,Fekry Thomas Anthony,Fekry Fekry David
276938,Ahmed Tarek Tarek,Mohsen Yossry Kamal
430904,John Thomas David,Ronald Micheal Fekry
322221,Hossain Ahmed khaled,Gamal Yossry Kamal
366498,Isac Thomas Thomas,Fekry Ronald David
342740,Ahmed Mohsen Mohsen,Tarek Tarek Mohamed
316142,Liam Thomas Micheal,Liam Fekry Fekry
592640,Tarek Mohsen Mohsen,Hossain Tarek Ahmed
130155,Anthony David Anthony,Anthony Liam David
159014,Ali Kamal Ahmed,Tarek Yossry Ali
312667,Micheal Fekry Fekry,Ronald Thomas Micheal
424356,Yossry Mohsen Mohamed,Kamal Ahmed Kamal
541318,Thomas John David,Ronald Anthony Thomas
423312,khaled Mohamed Mohsen,Mohsen Tarek Ali
524274,Isac Anthony David,Micheal Thomas Thomas
390486,khaled Gamal Ahmed,Ali Mohamed Mohamed
191077,John Georges Isac,Fekry Fekry Georges
560231,Yossry Mohsen Ziad,No Renter
509741,Georges Ronald Thomas,No Renter
153982,Hossain Hossain Tarek,No Renter
409056,David Fekry David,No Renter
335594,Mohsen Gamal Hossain,No Renter
518979,Isac Fekry John,No Renter
535904,Yossry Hossain Tarek,No Renter
397313,Liam David Anthony,No Renter
290985,Ziad Yossry Hossain,No Renter
204243,John David Anthony,No Renter
320190,Mohamed Hossain Ziad,No Renter
581739,Georges Liam Micheal,No Renter
336802,Mohamed Ahmed Kamal,No Renter
485424,Liam Isac Isac,No Renter
276207,Tarek Ziad Gamal,No Renter
463399,Isac Thomas Ronald,No Renter
451804,Mohamed Hossain Ziad,No Renter
576182,Ronald Georges Anthony,No Renter
271573,khaled Yossry Hossain,No Renter
329200,John Anthony Thomas,Kamal Mohamed Ahmed
94124,ahmed ayman,Georges John Thomas
