1223,Kamal Mohamed Ahmed,53,male,13407
2577,Ronald Micheal Georges,53,male,21096
2973,Kamal Mohamed Tarek,55,male,13570
1102,Micheal Liam Thomas,21,male,12251
1894,Ahmed Yossry khaled,26,male,15879
1679,John John Fekry,27,male,17871
2305,Ali Tarek khaled,25,male,24923
2776,David John Thomas,56,male,27783
1972,Yossry Yossry Mohsen,39,male,12361
2260,Isac Thomas David,43,male,19328
2936,khaled Yossry Mohsen,36,male,10289
1507,Micheal Isac Ronald,20,male,16654
1443,Gamal Hossain Ahmed,55,male,20471
1884,Liam Micheal Georges,34,male,12495
2155,Yossry Ali khaled,52,male,17835
1667,Fekry Georges Ronald,45,male,12612
2642,Yossry khaled Ali,28,male,13118
2659,Georges Isac David,38,male,22401
2619,Gamal Ahmed Kamal,45,male,27551
2518,Fekry Liam Liam,43,male,23159
1662,Tarek khaled Yossry,54,male,27751
2389,Micheal Isac Thomas,20,male,23752
2518,Gamal Mohsen Hossain,56,male,10290
1146,Liam Isac Isac,43,male,16721
1018,Tarek Yossry Ziad,56,male,19497
1934,Isac Ronald Anthony,31,male,28529
2097,Ziad Mohamed Hossain,25,male,18296
2349,David Fekry John,29,male,17158
2158,Ziad Mohsen khaled,34,male,12079
1488,Ronald John David,19,male,10269
2467,Tarek Kamal Mohsen,35,male,20016
1033,John John Micheal,38,male,17021
2908,Kamal Mohsen khaled,35,male,10810
1628,Thomas Georges Thomas,44,male,13612
2799,Ali Yossry Ziad,43,male,14653
2913,Thomas Isac Liam,30,male,17495
1634,Ahmed Tarek Gamal,24,male,18284
1275,Ronald Isac David,44,male,13907
1286,Ali Kamal Kamal,53,male,15208
2033,Georges John Thomas,53,male,17303
